{"cameraMode":{"drawMode":0,"name":"Shaded","section":"Shading Mode"},"sceneLighting":true,"audioPlay":false,"sceneViewState":{"showFog":true,"showMaterialUpdate":false,"showSkybox":true,"showFlares":true,"showImageEffects":true,"showParticleSystems":true},"in2DMode":false,"pivot":{"x":0.4136735200881958,"y":1.3959026336669922,"z":0.0},"rotation":{"x":0.1339094638824463,"y":-0.5218716859817505,"z":0.08336210995912552,"w":0.8383188247680664},"size":9.212729454040528,"orthographic":true}